091-30117-177,Trim - Tiering Seal Angle
091-30117-001,Trim - Variable Roof Corner Cap
091-30117-049,Trim - Wall Attachment Angle
091-30119-006,Trim - Wall Seal-Off Angle
091-30117-087,Trim - Wall Unit Split Cover
091-30117-187,Base - Structural Steel Angle
091-30117-186,Base - Structural Steel Channel
091-30117-080,Base - Sub Floor
091-30117-061,Base - Sub Floor Attachment Angle
091-30117-062,Base - Sub Floor Attachment Flat
091-30117-078,Base - Coil Panel Nesting Channel
091-30117-055,Base - Corridor Perimeter Angle
091-30117-124,Base - Electrical/Pipe Chase Cover
091-30117-067,Base - Filler Plate
091-30117-190,Base - Filler Plate Aluminum
091-30117-056,Base - Floor
091-30117-079,Base - Formed Angle
091-30117-051,Base - Formed Channel
091-30117-066,Base - Lifting Lug
091-30117-054,Base - Perimeter Angle
091-30117-189,Base - Structural Aluminum Angle
091-30117-188,Base - Structural Aluminum Channel
091-30117-077,Roof - Channel Bracket
091-30117-085,Roof - Indoor Horizontal Channel
091-30117-086,Roof - Indoor Vertical Channel
091-30117-084,Roof - Liner
091-30117-069,Roof - Outdoor High Side Horizontal Channel
091-30117-068,Roof - Outdoor Low Side Horizontal Channel
091-30117-070,Roof - Outdoor Vertical Channel
091-30117-083,Roof - Skin
091-30119-008,Roof - Top Seal Plate
091-30117-046,Wall - Channel Bracket
091-30117-048,Wall - Door Nesting Channel
091-30117-053,Wall - Formed Angle
091-30117-064,Wall - Horizontal Channel
091-30117-082,Wall - Liner
091-30117-081,Wall - Skin
091-30117-196,Wall - SST Channel Cap
091-30117-065,Wall - Vertical Channel
091-30117-072,Trim - Corner Cap
091-30117-073,Trim - Corner Liner
091-30117-076,Trim - Peaked Roof Split Cover
091-30117-058,Trim - Roof Cap
091-30117-011,Trim - Roof Cap Split Cover
091-30119-007,Trim - Roof Seal-Off Angle
091-30117-089,Trim - Roof Thermal Break Split Cover
091-30117-075,Trim - Roof Unit Split Cover
091-30117-074,Trim - Sloped Roof Cap
091-30117-195,Trim - Stacked Roof Cap Backup
091-30117-022,Trim - Super Angle
091-30117-057,Trim - Tiering Angle
